number,creation_date,expiration_date
4274979993950,7/27/2015,11/2/2026
5010129150815516,9/16/2016,11/25/2026
374288909638529,4/27/2019,2/28/2026
4017955253653,4/11/2016,12/10/2027
4041375137751763,8/4/2015,4/27/2028
5578996735131872,11/2/2019,11/18/2028
371933856582096,12/30/2015,2/17/2026
5100133301865165,9/3/2018,5/19/2026
337941473160207,12/27/2015,8/24/2028
346575131130720,4/18/2018,6/24/2028
5535886071485234,8/4/2017,9/30/2026
4017950758830102,9/14/2015,6/23/2029
374288271202433,8/26/2015,7/18/2029
5319495065735588,5/20/2016,2/7/2029
375350982700698,4/14/2019,1/30/2026
4041376430377926,10/25/2016,12/16/2026
4041370473434496,10/15/2017,9/18/2026
5048374869172363,12/18/2017,12/6/2025
374283954058616,3/26/2016,2/9/2028
4299090481395,4/15/2019,7/15/2025
5100142934077049,6/25/2017,5/24/2029
4952042439701,8/17/2018,6/7/2026
374288898232854,8/5/2017,9/23/2026
4131581036133,5/4/2019,8/12/2029
4041374636743579,2/10/2019,12/22/2025
5100146374328085,8/9/2018,12/21/2025
5002351880525906,10/3/2017,6/26/2027
4017952987807588,12/11/2019,5/5/2026
4017958927550,5/25/2016,3/14/2028
337941792208497,12/31/2016,5/3/2027
4041376544461400,10/17/2016,7/21/2028
5140372805496026,8/31/2018,12/22/2029
4257397710593,2/28/2017,10/27/2029
5244762679636209,1/28/2016,11/7/2028
370995594476155,7/21/2016,3/18/2028
374283474279825,4/20/2017,5/29/2029
4041376591152,10/3/2017,3/21/2028
4017959902263,10/26/2015,11/4/2026
4560057424763,9/1/2017,6/5/2027
5048373645433933,1/6/2017,3/3/2027
374288169050829,6/23/2016,9/4/2027
5535274056504651,8/29/2015,2/2/2028
4041590532958,5/15/2017,5/19/2028
5375309295766126,1/28/2017,5/4/2027
4041598835379,5/8/2017,12/2/2028
4041373316702,8/12/2016,8/13/2026
372301625494390,7/23/2016,1/13/2029
4017958431063520,5/18/2017,4/8/2026
4992753463953,10/3/2019,11/25/2027
4017959971532,1/20/2016,5/3/2028
4138925847533218,12/22/2016,5/21/2028
374288367691069,6/16/2016,7/22/2027
4454446049038,7/2/2017,11/12/2029
337941847176764,3/5/2017,10/10/2029
5010120320694444,3/16/2016,4/25/2028
5010127269288260,12/20/2017,6/22/2029
4041590323758378,11/27/2015,7/14/2028
5100174624943073,9/11/2019,5/6/2027
4041599346811460,4/17/2019,10/28/2025
4041597221779,4/22/2016,1/1/2027
5267074453797823,2/20/2017,12/17/2025
5100175602775171,9/9/2019,11/7/2029
4017953862380,4/20/2018,7/13/2025
374198633902812,10/6/2017,5/10/2029
374288751732024,12/14/2015,10/22/2027
337941097536576,10/4/2019,7/2/2027
5100175913361703,9/14/2016,7/8/2028
374622553207704,12/12/2016,8/14/2028
5048376627473439,12/18/2015,8/27/2029
374288659340169,8/20/2019,11/7/2025
5319271995477058,1/30/2016,4/24/2028
5108751459261432,6/27/2017,8/12/2025
374622278968978,11/11/2019,9/9/2028
5184043319488018,12/16/2017,7/11/2027
5583364315770408,3/16/2018,11/14/2027
4041597128211669,10/22/2019,7/8/2026
374288607471215,3/25/2018,6/15/2028
4041373292825860,9/24/2016,1/20/2027
374283864423868,1/31/2018,9/24/2027
4041598010387,10/4/2015,11/30/2029
5100143198086767,10/10/2015,10/18/2026
337941560504671,3/21/2016,11/3/2029
346063199296428,3/4/2016,7/31/2029
5007669800868360,4/5/2016,3/27/2028
374622253043904,7/6/2015,6/18/2029
374283897350997,3/6/2016,10/23/2028
373054240398061,6/14/2017,2/14/2028
5108753096979939,7/13/2016,10/15/2025
5048374681324945,8/1/2016,11/29/2027
5105235273892765,5/13/2017,10/8/2029
5466956772999677,10/15/2019,9/27/2025
5233715345205331,7/5/2016,5/10/2027
5100174811770982,8/24/2016,1/30/2027
4017951419548,5/16/2016,11/5/2027
5048371067727063,11/5/2018,1/5/2028
4017952333726193,2/7/2019,6/8/2028
5010125962686855,12/19/2016,7/14/2029
4041590715757103,10/3/2017,7/9/2027
4271582709285960,3/17/2018,4/20/2026
337941319937172,8/9/2017,9/29/2029
